Fruit_ID,Spike_Length_cm,Spot_Size_cm,Is_Poisonous
FRUIT_001,0.93,3.57,0
FRUIT_002,4.9,4.26,1
FRUIT_003,4.33,1.69,0
FRUIT_004,5.43,2.08,0
FRUIT_005,1.72,1.12,1
FRUIT_006,4.64,3.16,1
FRUIT_007,6.57,2.66,1
FRUIT_008,2.7,0.5,1
FRUIT_009,6.27,3.07,1
FRUIT_010,5.76,0.96,0
FRUIT_011,5.03,3.71,0
FRUIT_012,6.5,1.31,0
FRUIT_013,5.84,3.8,1
FRUIT_014,3.98,1.21,1
FRUIT_015,2.53,0.64,1
FRUIT_016,2.62,4.13,1
FRUIT_017,6.65,3.88,0
FRUIT_018,3.41,0.22,1
FRUIT_019,1.71,1.33,1
FRUIT_020,6.31,3.11,1
FRUIT_021,5.56,0.29,1
FRUIT_022,4.69,2.37,1
FRUIT_023,2.07,1.84,0
FRUIT_024,7.56,1.47,1
FRUIT_025,4.23,4.96,0
FRUIT_026,0.96,3.57,0
FRUIT_027,1.29,2.5,1
FRUIT_028,3.63,4.37,1
FRUIT_029,1.62,1.28,1
FRUIT_030,5.99,1.75,1
FRUIT_031,2.05,2.38,0
FRUIT_032,1.66,4.21,0
FRUIT_033,5.1,1.2,1
FRUIT_034,7.09,2.38,0
FRUIT_035,7.46,1.4,1
FRUIT_036,2.1,0.97,1
FRUIT_037,3.16,0.35,1
FRUIT_038,0.89,3.25,0
FRUIT_039,3.39,2.39,0
FRUIT_040,2.11,0.81,1
FRUIT_041,3.03,1.75,1
FRUIT_042,3.97,0.14,1
FRUIT_043,4.32,2.31,1
FRUIT_044,6.9,0.92,1
FRUIT_045,3.02,3.65,0
FRUIT_046,5.64,4.61,0
FRUIT_047,2.86,4.82,0
FRUIT_048,2.73,2.33,1
FRUIT_049,6.46,2.77,1
FRUIT_050,2.03,2.73,0
FRUIT_051,3.03,3.63,0
FRUIT_052,4.32,3.24,1
FRUIT_053,1.11,3.66,0
FRUIT_054,2.11,2.35,0
FRUIT_055,3.17,0.34,1
FRUIT_056,4.13,0.17,1
FRUIT_057,5.66,2.93,0
FRUIT_058,1.54,4.2,0
FRUIT_059,3.61,3.91,0
FRUIT_060,3.89,1.91,0
FRUIT_061,2.35,1.49,0
FRUIT_062,4.71,2.24,1
FRUIT_063,6.45,0.61,1
FRUIT_064,4.33,4.86,0
FRUIT_065,5.45,2.16,0
FRUIT_066,3.26,0.85,0
FRUIT_067,1.38,2.97,1
FRUIT_068,4.44,0.14,1
FRUIT_069,5.16,3.58,0
FRUIT_070,2.75,3.51,0
FRUIT_071,3.47,4.32,1
FRUIT_072,3.51,2.5,0
FRUIT_073,7.14,2.71,0
FRUIT_074,3.66,4.96,0
FRUIT_075,7.23,2.25,0
FRUIT_076,1.57,3.37,1
FRUIT_077,4.02,1.75,0
FRUIT_078,1.75,4.31,0
FRUIT_079,6.31,2.06,1
FRUIT_080,4.26,3.84,0
FRUIT_081,4.42,0.62,0
FRUIT_082,1.46,1.65,1
FRUIT_083,3.54,0.33,1
FRUIT_084,2.88,4.7,0
FRUIT_085,5.9,4.49,0
FRUIT_086,3.82,2.8,0
FRUIT_087,6.01,4.42,0
FRUIT_088,0.56,2.85,0
FRUIT_089,3.82,1.84,0
FRUIT_090,0.81,3.1,0
FRUIT_091,6.49,0.55,1
FRUIT_092,2.15,4.43,0
FRUIT_093,4.08,1.81,0
FRUIT_094,4.96,1.82,0
FRUIT_095,4.81,3.03,1
FRUIT_096,7.78,2.28,1
FRUIT_097,2.05,2.28,0
FRUIT_098,7.25,2.89,0
FRUIT_099,3.97,3.35,1
FRUIT_100,3.73,4.35,1
FRUIT_101,1.52,4.13,0
FRUIT_102,3.69,2.07,0
FRUIT_103,4.92,0.74,0
FRUIT_104,5.03,1.87,0
FRUIT_105,6.94,0.95,1
FRUIT_106,1.39,2.41,1
FRUIT_107,2.02,4.38,0
FRUIT_108,2.46,3.29,0
FRUIT_109,4.44,3.76,0
FRUIT_110,2.71,1.24,0
FRUIT_111,3.83,3.84,0
FRUIT_112,4.58,0.2,1
FRUIT_113,3.63,3.32,1
FRUIT_114,3.44,2.51,0
FRUIT_115,2.59,2.22,1
FRUIT_116,5.72,4.55,0
FRUIT_117,1.58,1.37,1
FRUIT_118,2.43,4.09,1
FRUIT_119,2.61,3.49,0
FRUIT_120,5.61,4.59,0
FRUIT_121,4.24,1.22,1
FRUIT_122,1.35,2.21,1
FRUIT_123,2.73,1.21,0
FRUIT_124,2.04,4.42,0
FRUIT_125,4.67,4.29,1
FRUIT_126,2.86,1.96,1
FRUIT_127,4.89,0.75,0
FRUIT_128,6.32,1.18,0
FRUIT_129,1.85,3.59,1
FRUIT_130,3.42,2.43,0
FRUIT_131,1.04,3.58,0
FRUIT_132,4.19,3.35,1
FRUIT_133,5.61,3.03,0
FRUIT_134,6.37,3.07,1
FRUIT_135,4.06,3.22,1
FRUIT_136,2.87,2.9,1
FRUIT_137,5.66,4.59,0
FRUIT_138,3.02,2.88,1
FRUIT_139,3.06,3.66,0
FRUIT_140,4.92,4.25,1
FRUIT_141,1.34,2.45,1
FRUIT_142,2.11,2.5,0
FRUIT_143,3.9,4.4,1
FRUIT_144,0.72,3.11,0
FRUIT_145,5.74,3.88,1
FRUIT_146,6.05,1.74,1
FRUIT_147,0.5,2.7,0
FRUIT_148,4.62,1.67,0
FRUIT_149,6.39,0.58,1
FRUIT_150,3.4,4.39,1
FRUIT_151,2.79,0.4,1
FRUIT_152,2.3,0.73,1
FRUIT_153,4.85,3.68,0
FRUIT_154,7.12,3.26,0
FRUIT_155,3.43,2.59,0
FRUIT_156,7.12,2.38,0
FRUIT_157,3.62,3.26,1
FRUIT_158,2.08,0.82,1
FRUIT_159,5.89,0.4,1
FRUIT_160,4.02,3.4,1
FRUIT_161,5.22,1.28,1
FRUIT_162,5.48,2.18,0
FRUIT_163,4.9,2.52,1
FRUIT_164,2.49,1.33,0
FRUIT_165,1.41,2.64,1
FRUIT_166,5.92,0.3,1
FRUIT_167,6.08,0.94,0
FRUIT_168,6.33,2.86,1
FRUIT_169,2.0,3.61,1
FRUIT_170,4.05,0.12,1
FRUIT_171,1.94,4.4,0
FRUIT_172,4.81,1.22,1
FRUIT_173,4.07,1.21,1
FRUIT_174,4.97,1.78,0
FRUIT_175,2.23,0.84,1
FRUIT_176,2.64,1.28,0
FRUIT_177,0.99,3.74,0
FRUIT_178,3.31,3.81,0
FRUIT_179,6.49,0.65,1
FRUIT_180,6.27,4.22,0
FRUIT_181,5.63,0.26,1
FRUIT_182,2.29,3.08,0
FRUIT_183,7.54,1.56,1
FRUIT_184,5.09,4.81,0
FRUIT_185,4.93,3.67,0
FRUIT_186,4.98,2.46,1
FRUIT_187,4.59,2.2,1
FRUIT_188,3.37,3.24,1
FRUIT_189,4.31,1.78,0
FRUIT_190,4.62,4.29,1
FRUIT_191,6.52,2.46,1
FRUIT_192,7.83,2.17,1
FRUIT_193,3.3,3.21,1
FRUIT_194,3.86,4.34,1
FRUIT_195,3.48,3.74,0
FRUIT_196,5.15,4.25,1
FRUIT_197,2.09,2.35,0
FRUIT_198,2.35,0.76,1
FRUIT_199,1.62,1.4,1
FRUIT_200,5.86,3.77,1
FRUIT_201,4.6,2.25,1
FRUIT_202,1.82,1.16,1
FRUIT_203,5.18,4.12,1
FRUIT_204,2.12,1.91,0
FRUIT_205,6.74,0.84,1
FRUIT_206,3.95,4.38,1
FRUIT_207,4.09,3.32,1
FRUIT_208,2.43,3.3,0
FRUIT_209,2.1,3.87,1
FRUIT_210,5.86,4.51,0
FRUIT_211,3.72,0.19,1
FRUIT_212,4.31,0.7,0
FRUIT_213,6.4,0.65,1
FRUIT_214,2.71,2.19,1
FRUIT_215,3.02,1.91,1
FRUIT_216,6.59,0.75,1
FRUIT_217,1.54,1.7,1
FRUIT_218,1.71,3.45,1
FRUIT_219,5.72,2.76,0
FRUIT_220,2.77,4.8,0
FRUIT_221,3.65,0.77,0
FRUIT_222,2.51,3.24,0
FRUIT_223,3.96,1.8,0
FRUIT_224,0.75,3.0,0
FRUIT_225,5.57,2.93,0
FRUIT_226,1.02,3.68,0
FRUIT_227,1.68,4.24,0
FRUIT_228,0.73,3.25,0
FRUIT_229,5.63,3.04,0
FRUIT_230,5.85,1.64,1
FRUIT_231,2.38,4.03,1
FRUIT_232,6.36,0.53,1
FRUIT_233,6.56,1.45,0
FRUIT_234,2.22,4.46,0
FRUIT_235,3.87,1.22,1
FRUIT_236,6.56,1.39,0
FRUIT_237,6.93,1.73,0
FRUIT_238,4.4,3.76,0
FRUIT_239,6.97,2.02,0
FRUIT_240,7.73,1.87,1
FRUIT_241,4.34,3.95,0
FRUIT_242,1.41,1.73,1
FRUIT_243,5.45,1.35,1
FRUIT_244,4.6,0.21,1
FRUIT_245,0.56,2.69,0
FRUIT_246,5.6,4.03,1
FRUIT_247,4.98,1.23,1
FRUIT_248,3.38,3.26,1
FRUIT_249,3.28,3.75,0
FRUIT_250,6.55,2.71,1
FRUIT_251,5.06,1.33,1
FRUIT_252,4.69,3.12,1
FRUIT_253,6.63,1.52,0
FRUIT_254,4.0,2.8,0
FRUIT_255,3.72,2.78,0
FRUIT_256,4.5,3.78,0
FRUIT_257,3.87,2.76,0
FRUIT_258,7.01,1.99,0
FRUIT_259,4.64,4.87,0
FRUIT_260,4.33,3.81,0
FRUIT_261,6.43,3.13,1
FRUIT_262,5.31,4.67,0
FRUIT_263,7.03,1.87,0
FRUIT_264,4.87,0.68,0
FRUIT_265,2.09,2.25,0
FRUIT_266,3.27,0.31,1
FRUIT_267,6.79,1.67,0
FRUIT_268,3.3,0.32,1
FRUIT_269,3.59,2.63,0
FRUIT_270,4.38,4.95,0
FRUIT_271,4.55,2.22,1
FRUIT_272,4.77,4.86,0
FRUIT_273,1.91,1.12,1
FRUIT_274,7.67,1.91,1
FRUIT_275,1.35,2.69,1
FRUIT_276,1.33,2.78,1
FRUIT_277,2.4,3.17,0
FRUIT_278,4.86,1.19,1
FRUIT_279,6.4,1.32,0
FRUIT_280,1.93,4.42,0
FRUIT_281,4.3,2.26,1
FRUIT_282,2.22,0.85,1
FRUIT_283,6.46,4.05,0
FRUIT_284,5.4,3.32,0
FRUIT_285,2.63,1.23,0
FRUIT_286,3.57,2.06,0
FRUIT_287,4.37,0.16,1
FRUIT_288,5.9,3.86,1
FRUIT_289,4.54,3.85,0
FRUIT_290,2.02,2.25,0
FRUIT_291,3.06,2.91,1
FRUIT_292,5.08,1.25,1
FRUIT_293,6.67,1.55,0
FRUIT_294,5.5,3.2,0
FRUIT_295,1.53,3.16,1
FRUIT_296,3.28,4.38,1
FRUIT_297,6.12,0.48,1
FRUIT_298,0.92,3.58,0
FRUIT_299,2.64,4.66,0
FRUIT_300,6.48,2.69,1
FRUIT_301,2.44,3.19,0
FRUIT_302,4.67,4.88,0
FRUIT_303,3.59,1.34,1
FRUIT_304,7.13,2.16,0
FRUIT_305,5.31,4.74,0
FRUIT_306,4.66,1.17,1
FRUIT_307,6.76,0.7,1
FRUIT_308,1.96,4.43,0
FRUIT_309,4.23,1.73,0
FRUIT_310,4.15,0.1,1
FRUIT_311,1.53,3.08,1
FRUIT_312,4.78,4.86,0
FRUIT_313,7.54,1.68,1
FRUIT_314,1.2,3.8,0
FRUIT_315,3.7,1.27,1
FRUIT_316,2.12,4.53,0
FRUIT_317,1.75,1.35,1
FRUIT_318,6.66,3.94,0
FRUIT_319,2.04,2.91,0
FRUIT_320,4.18,1.71,0
FRUIT_321,5.44,1.32,1
FRUIT_322,1.33,1.99,1
FRUIT_323,4.29,1.25,1
FRUIT_324,3.03,1.1,0
FRUIT_325,2.8,2.46,1
FRUIT_326,4.58,0.1,1
FRUIT_327,3.64,3.33,1
FRUIT_328,2.74,4.67,0
FRUIT_329,2.11,1.98,0
FRUIT_330,7.25,2.95,0
FRUIT_331,1.77,3.51,1
FRUIT_332,2.76,4.71,0
FRUIT_333,5.01,2.78,1
FRUIT_334,3.41,3.72,0
FRUIT_335,5.07,1.78,0
FRUIT_336,5.7,1.57,1
FRUIT_337,4.87,4.84,0
FRUIT_338,1.36,2.62,1
FRUIT_339,3.78,0.77,0
FRUIT_340,3.44,2.47,0
FRUIT_341,3.92,4.95,0
FRUIT_342,7.81,2.0,1
FRUIT_343,3.58,4.95,0
FRUIT_344,6.21,1.08,0
FRUIT_345,3.71,0.77,0
FRUIT_346,2.34,4.58,0
FRUIT_347,3.7,4.39,1
FRUIT_348,2.49,1.45,0
FRUIT_349,6.47,2.79,1
FRUIT_350,1.4,3.03,1
FRUIT_351,1.35,2.3,1
FRUIT_352,3.7,1.22,1
FRUIT_353,1.46,2.85,1
FRUIT_354,5.21,4.73,0
FRUIT_355,6.43,2.45,1
FRUIT_356,4.01,3.37,1
FRUIT_357,7.04,3.46,0
FRUIT_358,5.69,2.6,0
FRUIT_359,4.18,3.92,0
FRUIT_360,4.16,2.4,1
FRUIT_361,4.41,2.59,0
FRUIT_362,2.28,0.74,1
FRUIT_363,6.46,2.84,1
FRUIT_364,5.32,0.76,0
FRUIT_365,2.74,2.47,1
FRUIT_366,2.79,0.49,1
FRUIT_367,4.42,1.73,0
FRUIT_368,5.96,0.92,0
FRUIT_369,1.98,2.59,0
FRUIT_370,5.79,0.98,0
FRUIT_371,4.08,0.13,1
FRUIT_372,3.18,3.69,0
FRUIT_373,7.8,1.87,1
FRUIT_374,4.46,1.23,1
FRUIT_375,2.82,0.46,1
FRUIT_376,5.08,1.79,0
FRUIT_377,7.51,1.56,1
FRUIT_378,6.81,3.85,0
FRUIT_379,2.48,3.34,0
FRUIT_380,5.67,2.5,0
FRUIT_381,7.61,1.58,1
FRUIT_382,6.84,1.72,0
FRUIT_383,0.67,2.82,0
FRUIT_384,5.41,0.8,0
FRUIT_385,5.68,0.85,0
FRUIT_386,6.39,2.78,1
FRUIT_387,5.28,3.49,0
FRUIT_388,2.79,2.02,1
FRUIT_389,3.71,0.22,1
FRUIT_390,1.19,3.93,0
FRUIT_391,1.36,3.87,0
FRUIT_392,2.36,3.96,1
FRUIT_393,5.64,3.05,0
FRUIT_394,6.7,3.76,0
FRUIT_395,3.44,2.26,0
FRUIT_396,0.82,3.14,0
FRUIT_397,4.93,2.71,1
FRUIT_398,4.13,4.42,1
FRUIT_399,4.33,1.65,0
FRUIT_400,4.34,1.66,0
FRUIT_401,7.51,1.56,1
FRUIT_402,4.91,1.77,0
FRUIT_403,3.91,1.92,0
FRUIT_404,7.18,1.16,1
FRUIT_405,5.67,2.82,0
FRUIT_406,1.44,1.42,1
FRUIT_407,3.2,0.23,1
FRUIT_408,7.31,2.68,0
FRUIT_409,5.44,0.18,1
FRUIT_410,5.55,2.1,0
FRUIT_411,4.0,4.94,0
FRUIT_412,3.16,4.24,1
FRUIT_413,4.98,0.12,1
FRUIT_414,7.08,2.3,0
FRUIT_415,6.76,1.56,0
FRUIT_416,4.35,0.59,0
FRUIT_417,6.76,0.75,1
FRUIT_418,3.24,1.54,1
FRUIT_419,1.4,2.63,1
FRUIT_420,6.79,3.74,0
FRUIT_421,4.85,3.66,0
FRUIT_422,3.44,4.43,1
FRUIT_423,6.4,4.13,0
FRUIT_424,4.67,3.11,1
FRUIT_425,3.37,3.26,1
FRUIT_426,6.1,3.58,1
FRUIT_427,3.58,3.25,1
FRUIT_428,2.0,2.29,0
FRUIT_429,2.82,2.1,1
FRUIT_430,1.22,3.9,0
FRUIT_431,7.81,1.97,1
FRUIT_432,7.09,2.57,0
FRUIT_433,4.31,4.3,1
FRUIT_434,4.2,4.93,0
FRUIT_435,4.13,2.83,0
FRUIT_436,7.19,2.43,0
FRUIT_437,6.45,2.8,1
FRUIT_438,2.23,3.18,0
FRUIT_439,3.52,2.18,0
FRUIT_440,4.0,3.39,1
FRUIT_441,5.69,0.31,1
FRUIT_442,3.87,4.88,0
FRUIT_443,1.85,1.08,1
FRUIT_444,4.95,0.18,1
FRUIT_445,3.58,2.75,0
FRUIT_446,3.03,1.76,1
FRUIT_447,4.45,1.14,1
FRUIT_448,2.98,4.9,0
FRUIT_449,4.99,2.51,1
FRUIT_450,4.46,0.64,0
FRUIT_451,4.62,0.62,0
FRUIT_452,7.07,2.11,0
FRUIT_453,7.17,2.42,0
FRUIT_454,1.0,3.57,0
FRUIT_455,4.06,4.39,1
FRUIT_456,7.13,1.02,1
FRUIT_457,5.1,1.83,0
FRUIT_458,3.53,0.77,0
FRUIT_459,1.43,2.08,1
FRUIT_460,5.52,0.23,1
FRUIT_461,1.25,2.4,1
FRUIT_462,4.53,0.66,0
FRUIT_463,5.35,3.34,0
FRUIT_464,7.41,1.3,1
FRUIT_465,4.17,0.13,1
FRUIT_466,4.7,3.2,1
FRUIT_467,2.76,2.5,1
FRUIT_468,4.85,1.8,0
FRUIT_469,5.82,3.96,1
FRUIT_470,5.08,0.82,0
FRUIT_471,1.38,2.95,1
FRUIT_472,1.8,4.27,0
FRUIT_473,2.45,0.63,1
FRUIT_474,5.27,4.71,0
FRUIT_475,4.82,0.73,0
FRUIT_476,6.04,0.44,1
FRUIT_477,1.53,3.21,1
FRUIT_478,5.69,2.72,0
FRUIT_479,5.41,4.06,1
FRUIT_480,6.08,1.75,1
FRUIT_481,2.85,2.49,1
FRUIT_482,1.38,4.06,0
FRUIT_483,2.41,3.17,0
FRUIT_484,6.36,3.13,1
FRUIT_485,3.27,0.31,1
FRUIT_486,1.56,3.15,1
FRUIT_487,5.38,0.8,0
FRUIT_488,5.59,0.84,0
FRUIT_489,6.92,3.68,0
FRUIT_490,5.62,2.46,0
FRUIT_491,4.94,2.88,1
FRUIT_492,7.16,2.42,0
FRUIT_493,1.48,2.86,1
FRUIT_494,2.48,3.21,0
FRUIT_495,5.03,1.91,0
FRUIT_496,0.57,2.72,0
FRUIT_497,4.26,2.22,1
FRUIT_498,4.72,2.28,1
FRUIT_499,4.24,1.72,0
FRUIT_500,1.12,3.77,0
FRUIT_501,2.37,1.47,0
FRUIT_502,5.0,0.78,0
FRUIT_503,6.24,3.28,1
FRUIT_504,1.3,2.83,1
FRUIT_505,3.9,3.29,1
FRUIT_506,3.7,2.76,0
FRUIT_507,2.82,2.61,1
FRUIT_508,4.45,1.76,0
FRUIT_509,0.75,3.13,0
FRUIT_510,3.48,1.43,1
FRUIT_511,3.71,1.98,0
FRUIT_512,6.73,3.82,0
FRUIT_513,4.77,0.19,1
FRUIT_514,5.75,2.9,0
FRUIT_515,5.26,0.25,1
FRUIT_516,3.91,1.88,0
FRUIT_517,3.82,2.73,0
FRUIT_518,4.39,3.89,0
FRUIT_519,2.12,3.81,1
FRUIT_520,7.66,1.77,1
FRUIT_521,6.23,1.27,0
FRUIT_522,5.53,1.4,1
FRUIT_523,6.1,3.53,1
FRUIT_524,6.03,1.75,1
FRUIT_525,6.42,2.52,1
FRUIT_526,2.71,0.52,1
FRUIT_527,7.75,1.79,1
FRUIT_528,2.97,1.95,1
FRUIT_529,4.57,1.71,0
FRUIT_530,1.15,3.86,0
FRUIT_531,2.07,2.01,0
FRUIT_532,7.91,2.32,1
FRUIT_533,3.37,4.27,1
FRUIT_534,3.45,1.32,1
FRUIT_535,2.17,2.85,0
FRUIT_536,4.14,1.81,0
FRUIT_537,4.39,4.97,0
FRUIT_538,2.59,0.52,1
FRUIT_539,1.31,2.54,1
FRUIT_540,1.27,2.58,1
FRUIT_541,5.39,1.38,1
FRUIT_542,2.81,2.17,1
FRUIT_543,2.76,2.16,1
FRUIT_544,6.82,3.68,0
FRUIT_545,1.36,2.46,1
FRUIT_546,7.7,2.05,1
FRUIT_547,0.76,3.24,0
FRUIT_548,7.23,1.15,1
FRUIT_549,2.64,4.16,1
FRUIT_550,5.8,4.49,0
FRUIT_551,3.94,3.36,1
FRUIT_552,0.58,2.86,0
FRUIT_553,3.22,4.79,0
FRUIT_554,2.47,4.63,0
FRUIT_555,4.54,0.22,1
FRUIT_556,5.97,3.65,1
FRUIT_557,1.52,4.19,0
FRUIT_558,5.84,0.98,0
FRUIT_559,4.41,3.28,1
FRUIT_560,3.62,1.92,0
FRUIT_561,0.72,2.82,0
FRUIT_562,2.78,4.21,1
FRUIT_563,7.35,1.41,1
FRUIT_564,4.17,3.35,1
FRUIT_565,1.77,4.19,0
FRUIT_566,7.67,1.84,1
FRUIT_567,2.91,4.79,0
FRUIT_568,7.14,2.57,0
FRUIT_569,2.43,3.26,0
FRUIT_570,6.05,1.76,1
FRUIT_571,5.13,0.69,0
FRUIT_572,5.95,3.67,1
FRUIT_573,3.85,1.22,1
FRUIT_574,6.88,3.7,0
FRUIT_575,4.76,1.81,0
FRUIT_576,3.37,2.4,0
FRUIT_577,6.27,3.13,1
FRUIT_578,6.3,2.03,1
FRUIT_579,3.56,3.85,0
FRUIT_580,6.73,0.71,1
FRUIT_581,6.26,2.1,1
FRUIT_582,4.28,0.65,0
FRUIT_583,0.7,3.21,0
FRUIT_584,1.86,4.43,0
FRUIT_585,3.03,1.88,1
FRUIT_586,6.17,0.44,1
FRUIT_587,4.58,3.23,1
FRUIT_588,4.4,3.3,1
FRUIT_589,2.99,0.97,0
FRUIT_590,7.1,1.14,1
FRUIT_591,5.19,1.27,1
FRUIT_592,7.03,2.94,0
FRUIT_593,7.11,2.9,0
FRUIT_594,2.76,2.28,1
FRUIT_595,4.93,2.39,1
FRUIT_596,4.31,3.32,1
FRUIT_597,4.07,2.86,0
FRUIT_598,5.14,4.16,1
FRUIT_599,5.89,0.92,0
FRUIT_600,2.62,4.64,0
FRUIT_601,6.36,2.53,1
FRUIT_602,3.63,2.64,0
FRUIT_603,4.93,2.44,1
FRUIT_604,4.53,3.22,1
FRUIT_605,7.52,1.48,1
FRUIT_606,7.2,2.35,0
FRUIT_607,7.94,2.2,1
FRUIT_608,2.47,4.63,0
FRUIT_609,4.04,1.76,0
FRUIT_610,4.64,0.63,0
FRUIT_611,4.07,1.74,0
FRUIT_612,4.1,4.37,1
FRUIT_613,2.76,4.17,1
FRUIT_614,2.14,2.7,0
FRUIT_615,3.79,0.69,0
FRUIT_616,2.88,0.4,1
FRUIT_617,2.13,4.52,0
FRUIT_618,5.69,0.96,0
FRUIT_619,2.19,0.89,1
FRUIT_620,6.35,3.16,1
FRUIT_621,3.39,2.5,0
FRUIT_622,5.82,3.86,1
FRUIT_623,2.84,2.63,1
FRUIT_624,2.9,0.43,1
FRUIT_625,2.79,2.56,1
FRUIT_626,2.08,3.71,1
FRUIT_627,2.79,3.53,0
FRUIT_628,3.28,3.73,0
FRUIT_629,6.55,0.72,1
FRUIT_630,4.25,2.35,1
FRUIT_631,3.3,3.08,1
FRUIT_632,6.47,2.78,1
FRUIT_633,2.43,4.07,1
FRUIT_634,3.05,3.61,0
FRUIT_635,5.71,1.48,1
FRUIT_636,7.02,3.34,0
FRUIT_637,1.72,3.38,1
FRUIT_638,4.41,0.14,1
FRUIT_639,1.73,4.3,0
FRUIT_640,2.66,3.32,0
FRUIT_641,4.71,3.13,1
FRUIT_642,4.3,2.21,1
FRUIT_643,5.24,4.71,0
FRUIT_644,6.34,4.2,0
FRUIT_645,6.37,2.35,1
FRUIT_646,2.19,2.55,0
FRUIT_647,5.28,4.75,0
FRUIT_648,7.86,2.21,1
FRUIT_649,2.28,2.95,0
FRUIT_650,7.78,1.95,1
FRUIT_651,4.99,0.24,1
FRUIT_652,2.29,1.57,0
FRUIT_653,3.96,2.85,0
FRUIT_654,7.05,2.07,0
FRUIT_655,3.65,0.2,1
FRUIT_656,4.51,2.2,1
FRUIT_657,6.22,1.81,1
FRUIT_658,5.76,4.58,0
FRUIT_659,0.7,3.37,0
FRUIT_660,1.23,2.09,1
FRUIT_661,5.77,2.66,0
FRUIT_662,7.51,1.58,1
FRUIT_663,1.46,2.88,1
FRUIT_664,4.36,3.84,0
FRUIT_665,2.2,2.96,0
FRUIT_666,2.71,1.2,0
FRUIT_667,7.84,2.23,1
FRUIT_668,6.35,2.33,1
FRUIT_669,7.19,2.63,0
FRUIT_670,4.22,4.37,1
FRUIT_671,2.79,2.19,1
FRUIT_672,1.25,2.6,1
FRUIT_673,4.78,3.06,1
FRUIT_674,3.02,4.23,1
FRUIT_675,5.01,4.21,1
FRUIT_676,6.95,3.66,0
FRUIT_677,5.65,3.07,0
FRUIT_678,6.96,1.92,0
FRUIT_679,1.57,1.39,1
FRUIT_680,5.1,2.66,1
FRUIT_681,4.21,2.28,1
FRUIT_682,7.31,1.29,1
FRUIT_683,4.23,2.65,0
FRUIT_684,3.8,2.76,0
FRUIT_685,5.46,3.96,1
FRUIT_686,4.32,0.71,0
FRUIT_687,3.57,1.36,1
FRUIT_688,7.19,2.42,0
FRUIT_689,1.74,1.24,1
FRUIT_690,6.29,2.02,1
FRUIT_691,0.73,3.05,0
FRUIT_692,3.08,0.95,0
FRUIT_693,5.47,3.24,0
FRUIT_694,1.83,1.21,1
FRUIT_695,5.29,0.29,1
FRUIT_696,3.12,3.8,0
FRUIT_697,6.46,0.64,1
FRUIT_698,4.19,4.44,1
FRUIT_699,5.23,0.77,0
FRUIT_700,2.87,4.2,1
FRUIT_701,4.83,2.42,1
FRUIT_702,6.59,1.4,0
FRUIT_703,4.06,1.79,0
FRUIT_704,3.24,4.29,1
FRUIT_705,6.0,0.38,1
FRUIT_706,2.65,1.19,0
FRUIT_707,4.66,1.71,0
FRUIT_708,3.91,3.87,0
FRUIT_709,3.62,3.33,1
FRUIT_710,1.86,3.6,1
FRUIT_711,3.98,2.87,0
FRUIT_712,2.96,1.78,1
FRUIT_713,4.51,2.25,1
FRUIT_714,2.91,2.82,1
FRUIT_715,4.7,2.31,1
FRUIT_716,1.61,1.5,1
FRUIT_717,7.26,2.72,0
FRUIT_718,6.57,1.34,0
FRUIT_719,4.13,2.78,0
FRUIT_720,1.29,2.74,1
FRUIT_721,4.12,2.87,0
FRUIT_722,6.31,4.16,0
FRUIT_723,0.76,3.26,0
FRUIT_724,6.2,4.22,0
FRUIT_725,5.85,0.97,0
FRUIT_726,6.86,2.01,0
FRUIT_727,3.65,4.36,1
FRUIT_728,5.02,1.29,1
FRUIT_729,6.44,2.9,1
FRUIT_730,2.6,4.17,1
FRUIT_731,5.77,1.6,1
FRUIT_732,4.9,3.78,0
FRUIT_733,5.7,2.41,0
FRUIT_734,6.68,0.69,1
FRUIT_735,7.14,2.77,0
FRUIT_736,5.07,0.81,0
FRUIT_737,1.36,3.05,1
FRUIT_738,7.12,2.61,0
FRUIT_739,6.97,3.46,0
FRUIT_740,6.59,0.63,1
FRUIT_741,3.24,4.32,1
FRUIT_742,5.87,4.47,0
FRUIT_743,2.89,2.86,1
FRUIT_744,6.83,0.92,1
FRUIT_745,2.9,1.02,0
FRUIT_746,5.62,2.17,0
FRUIT_747,5.13,4.81,0
FRUIT_748,6.37,2.42,1
FRUIT_749,5.14,2.67,1
FRUIT_750,4.56,4.79,0
FRUIT_751,4.19,3.35,1
FRUIT_752,7.76,1.74,1
FRUIT_753,7.22,1.14,1
FRUIT_754,3.84,1.79,0
FRUIT_755,4.92,2.65,1
FRUIT_756,2.01,2.3,0
FRUIT_757,0.61,3.15,0
FRUIT_758,2.07,2.79,0
FRUIT_759,3.82,0.19,1
FRUIT_760,1.34,2.12,1
FRUIT_761,6.39,2.36,1
FRUIT_762,4.16,4.4,1
FRUIT_763,5.69,0.88,0
FRUIT_764,4.21,0.14,1
FRUIT_765,4.84,1.75,0
FRUIT_766,0.88,3.5,0
FRUIT_767,6.92,1.89,0
FRUIT_768,3.55,1.41,1
FRUIT_769,5.2,1.34,1
FRUIT_770,1.3,2.73,1
FRUIT_771,4.51,1.68,0
FRUIT_772,4.21,0.11,1
FRUIT_773,6.22,4.31,0
FRUIT_774,4.27,4.93,0
FRUIT_775,5.99,1.64,1
FRUIT_776,6.3,4.26,0
FRUIT_777,4.28,2.73,0
FRUIT_778,4.59,1.73,0
FRUIT_779,7.23,2.47,0
FRUIT_780,4.16,2.39,1
FRUIT_781,0.94,3.71,0
FRUIT_782,6.14,1.1,0
FRUIT_783,4.95,3.64,0
FRUIT_784,4.37,0.13,1
FRUIT_785,6.93,1.8,0
FRUIT_786,4.0,3.89,0
FRUIT_787,6.69,0.58,1
FRUIT_788,1.98,2.43,0
FRUIT_789,7.74,1.98,1
FRUIT_790,4.26,3.35,1
FRUIT_791,3.66,4.96,0
FRUIT_792,5.01,2.64,1
FRUIT_793,6.62,3.98,0
FRUIT_794,3.48,2.42,0
FRUIT_795,5.58,4.0,1
FRUIT_796,1.58,1.38,1
FRUIT_797,2.08,2.02,0
FRUIT_798,5.84,3.78,1
FRUIT_799,3.74,3.36,1
FRUIT_800,7.42,1.36,1
FRUIT_801,7.53,1.64,1
FRUIT_802,5.99,0.97,0
FRUIT_803,2.49,3.33,0
FRUIT_804,3.32,0.86,0
FRUIT_805,2.0,3.62,1
FRUIT_806,4.07,4.94,0
FRUIT_807,5.5,1.36,1
FRUIT_808,4.04,4.93,0
FRUIT_809,4.09,0.13,1
FRUIT_810,4.96,2.81,1
FRUIT_811,2.69,4.23,1
FRUIT_812,1.37,2.65,1
FRUIT_813,3.39,4.3,1
FRUIT_814,5.12,4.19,1
FRUIT_815,5.27,1.34,1
FRUIT_816,6.51,0.54,1
FRUIT_817,4.23,4.85,0
FRUIT_818,1.68,3.3,1
FRUIT_819,4.75,3.15,1
FRUIT_820,1.34,2.12,1
FRUIT_821,2.15,4.52,0
FRUIT_822,5.67,3.07,0
FRUIT_823,4.05,3.36,1
FRUIT_824,4.03,4.39,1
FRUIT_825,5.51,0.22,1
FRUIT_826,5.89,1.64,1
FRUIT_827,1.55,1.32,1
FRUIT_828,1.34,2.16,1
FRUIT_829,1.7,3.34,1
FRUIT_830,6.32,0.55,1
FRUIT_831,5.58,2.47,0
FRUIT_832,4.68,3.18,1
FRUIT_833,6.03,1.83,1
FRUIT_834,4.81,0.74,0
FRUIT_835,6.54,2.47,1
FRUIT_836,2.8,1.94,1
FRUIT_837,2.62,0.65,1
FRUIT_838,6.72,0.73,1
FRUIT_839,2.25,0.77,1
FRUIT_840,7.18,2.46,0
FRUIT_841,4.09,1.23,1
FRUIT_842,6.79,3.82,0
FRUIT_843,3.63,4.38,1
FRUIT_844,2.06,2.62,0
FRUIT_845,2.06,2.32,0
FRUIT_846,0.78,3.29,0
FRUIT_847,4.24,1.22,1
FRUIT_848,2.12,1.91,0
FRUIT_849,5.75,2.52,0
FRUIT_850,5.09,0.73,0
FRUIT_851,3.33,3.27,1
FRUIT_852,7.01,2.12,0
FRUIT_853,3.79,1.89,0
FRUIT_854,2.0,2.01,0
FRUIT_855,5.15,1.27,1
FRUIT_856,1.8,1.19,1
FRUIT_857,2.59,3.46,0
FRUIT_858,6.87,3.75,0
FRUIT_859,5.15,0.66,0
FRUIT_860,3.06,3.79,0
FRUIT_861,1.6,4.24,0
FRUIT_862,7.31,1.28,1
FRUIT_863,5.45,3.27,0
FRUIT_864,7.03,3.39,0
FRUIT_865,2.95,2.93,1
FRUIT_866,3.45,3.73,0
FRUIT_867,6.85,3.67,0
FRUIT_868,6.69,1.58,0
FRUIT_869,5.07,1.95,0
FRUIT_870,3.38,4.85,0
FRUIT_871,3.63,2.63,0
FRUIT_872,2.01,3.74,1
FRUIT_873,1.95,3.74,1
FRUIT_874,1.41,1.93,1
FRUIT_875,2.65,0.52,1
FRUIT_876,4.17,4.9,0
FRUIT_877,6.81,0.85,1
FRUIT_878,5.56,1.45,1
FRUIT_879,4.25,4.91,0
FRUIT_880,6.78,0.77,1
FRUIT_881,1.65,4.27,0
FRUIT_882,3.99,4.88,0
FRUIT_883,4.28,0.64,0
FRUIT_884,5.0,2.89,1
FRUIT_885,2.5,4.0,1
FRUIT_886,7.06,3.12,0
FRUIT_887,3.97,1.22,1
FRUIT_888,1.94,4.44,0
FRUIT_889,3.23,3.11,1
FRUIT_890,3.86,2.0,0
FRUIT_891,4.69,4.29,1
FRUIT_892,1.44,1.84,1
FRUIT_893,7.76,1.91,1
FRUIT_894,5.82,2.79,0
FRUIT_895,0.6,2.77,0
FRUIT_896,4.42,3.36,1
FRUIT_897,2.81,1.96,1
FRUIT_898,7.02,3.03,0
FRUIT_899,3.46,3.81,0
FRUIT_900,6.36,2.85,1
FRUIT_901,5.77,4.46,0
FRUIT_902,5.14,1.37,1
FRUIT_903,5.64,0.33,1
FRUIT_904,2.25,3.05,0
FRUIT_905,5.49,0.88,0
FRUIT_906,5.02,0.7,0
FRUIT_907,6.14,3.54,1
FRUIT_908,3.45,2.23,0
FRUIT_909,4.48,5.0,0
FRUIT_910,3.46,2.25,0
FRUIT_911,3.43,3.15,1
FRUIT_912,2.03,2.16,0
FRUIT_913,4.41,1.74,0
FRUIT_914,3.34,0.92,0
FRUIT_915,2.36,3.98,1
FRUIT_916,4.57,3.26,1
FRUIT_917,6.77,0.78,1
FRUIT_918,1.73,3.57,1
FRUIT_919,0.73,3.25,0
FRUIT_920,8.0,2.36,1
FRUIT_921,5.42,1.37,1
FRUIT_922,4.36,3.29,1
FRUIT_923,1.24,2.68,1
FRUIT_924,3.45,4.9,0
FRUIT_925,2.03,2.53,0
FRUIT_926,2.56,4.15,1
FRUIT_927,6.12,4.4,0
FRUIT_928,7.52,1.79,1
FRUIT_929,3.19,0.29,1
FRUIT_930,3.35,3.79,0
FRUIT_931,6.02,1.07,0
FRUIT_932,0.93,3.56,0
FRUIT_933,6.77,3.68,0
FRUIT_934,5.88,0.34,1
FRUIT_935,3.39,2.43,0
FRUIT_936,4.67,1.78,0
FRUIT_937,2.0,2.22,0
FRUIT_938,4.42,2.24,1
FRUIT_939,6.11,4.34,0
FRUIT_940,6.04,1.83,1
FRUIT_941,2.97,4.74,0
FRUIT_942,7.14,2.35,0
FRUIT_943,4.31,2.76,0
FRUIT_944,1.34,2.72,1
FRUIT_945,1.88,2.23,0
FRUIT_946,1.36,2.27,1
FRUIT_947,2.24,3.05,0
FRUIT_948,4.93,2.64,1
FRUIT_949,6.1,1.92,1
FRUIT_950,3.05,4.25,1
FRUIT_951,4.69,4.87,0
FRUIT_952,6.4,1.28,0
FRUIT_953,3.61,3.24,1
FRUIT_954,0.75,3.28,0
FRUIT_955,3.3,0.84,0
FRUIT_956,4.15,4.33,1
FRUIT_957,4.67,0.68,0
FRUIT_958,5.66,4.57,0
FRUIT_959,4.53,0.66,0
FRUIT_960,4.39,3.3,1
FRUIT_961,7.39,1.38,1
FRUIT_962,3.11,3.65,0
FRUIT_963,7.14,2.47,0
FRUIT_964,3.64,0.84,0
FRUIT_965,4.94,2.48,1
FRUIT_966,7.19,2.7,0
FRUIT_967,5.28,1.94,0
FRUIT_968,6.68,3.85,0
FRUIT_969,1.76,1.2,1
FRUIT_970,4.18,0.55,0
FRUIT_971,5.47,2.19,0
FRUIT_972,3.49,4.88,0
FRUIT_973,6.06,1.72,1
FRUIT_974,4.93,2.48,1
FRUIT_975,6.03,1.82,1
FRUIT_976,3.21,1.52,1
FRUIT_977,7.16,3.05,0
FRUIT_978,2.85,4.16,1
FRUIT_979,2.2,1.73,0
FRUIT_980,2.66,1.21,0
FRUIT_981,1.2,2.36,1
FRUIT_982,3.36,3.74,0
FRUIT_983,6.18,1.94,1
FRUIT_984,1.81,4.36,0
FRUIT_985,3.16,4.24,1
FRUIT_986,3.94,0.17,1
FRUIT_987,4.4,0.12,1
FRUIT_988,3.51,2.13,0
FRUIT_989,2.66,4.73,0
FRUIT_990,2.06,4.46,0
FRUIT_991,7.13,2.2,0
FRUIT_992,7.59,1.8,1
FRUIT_993,6.23,2.04,1
FRUIT_994,5.62,2.85,0
FRUIT_995,0.98,3.49,0
FRUIT_996,0.89,3.48,0
FRUIT_997,7.91,2.31,1
FRUIT_998,3.31,4.32,1
FRUIT_999,6.68,4.07,0
FRUIT_1000,2.77,3.58,0
